<?xml version="1.0" encoding="UTF-8"?>
<project-private xmlns="http://www.netbeans.org/ns/project-private/1">
    <editor-bookmarks xmlns="http://www.netbeans.org/ns/editor-bookmarks/2" lastBookmarkId="0"/>
    <open-files xmlns="http://www.netbeans.org/ns/projectui-open-files/2">
        <group>
            <file>file:/C:/Users/50247/OneDrive/Escritorio/postlab06.X-20220306T015011Z-001/postlab06.X/main.s</file>
            <file>file:/C:/Users/50247/OneDrive/Escritorio/postlab06.X-20220306T015011Z-001/postlab06.X/macro_tmr0.s</file>
            <file>file:/C:/Users/50247/OneDrive/Escritorio/postlab06.X-20220306T015011Z-001/postlab06.X/macro_tmr1.s</file>
        </group>
    </open-files>
</project-private>
